gpu_uuid,gpu,boot,timestamp_ns,energy_mj,dashboard_power_w
GPU-A,0,p1,750000000,46000.0,90.0
GPU-A,0,p1,500000000,1000.0,90.0
GPU-A,0,p0,250000000,46000.0,90.0
GPU-C,0,p1,500000000,1000.0,90.0
GPU-A,0,p0,500000000,91000.0,90.0
GPU-C,0,p0,500000000,201000.0,90.0
GPU-B,0,p1,1000000000,111000.0,90.0
GPU-A,0,p0,0,1000.0,90.0
GPU-B,0,p1,500000000,1000.0,90.0
GPU-B,0,p0,0,1000.0,90.0
GPU-B,0,p0,250000000,56000.0,90.0
GPU-C,0,p1,750000000,101000.0,90.0
GPU-A,0,p1,1000000000,91000.0,90.0
GPU-B,0,p0,500000000,111000.0,90.0
GPU-A,0,p0,0,1000.0,90.0
GPU-B,0,p1,750000000,56000.0,90.0
GPU-C,0,p0,250000000,101000.0,90.0
GPU-C,0,p1,1000000000,201000.0,90.0
GPU-C,0,p0,0,1000.0,90.0
