run,request_id,cohort,scheduled_ns,inclusion_probability,phase
canary,075-0000, short ,1000000000,0.25,warmup
canary,075-002a,short,2050000000,0.25,measure
canary,075-0040,short,2600000000,0.5,measure
canary,075-003e,short,2550000000,1.0,measure
canary,075-0027,short,1975000000,0.25,measure
canary,075-0015,short,1525000000,0.25,measure
canary,075-003a,short,2450000000,0.5,measure
canary,075-0004,short,1100000000,0.5,measure
canary,075-0021,short,1825000000,0.25,measure
canary,075-000a,short,1250000000,0.5,measure
control,075-000c,short,1300000000,0.25,measure
canary,075-001e,short,1750000000,0.25,measure
control,075-0008,short,1200000000,1.0,measure
canary,075-0000, short ,1000000000,0.25,warmup
control,075-0038,long,2400000000,1.0,measure
canary,075-0026,short,1950000000,1.0,measure
control,075-0030,short,2200000000,0.25,measure
control,075-002f,short,2175000000,1.0,measure
control,075-000e,short,1350000000,1.0,measure
control,075-000a,short,1250000000,0.5,measure
control,075-0019,short,1625000000,0.5,measure
canary,075-002d,short,2125000000,0.25,measure
control,075-0021,short,1825000000,0.25,measure
control,075-0016,short,1550000000,0.5,measure
canary,075-000c,short,1300000000,0.25,measure
canary,075-002c,short,2100000000,1.0,measure
canary,075-003b, short ,2475000000,1.0,measure
control,075-003f,long,2575000000,0.25,measure
canary,075-0012,short,1450000000,0.25,measure
canary,075-0028,short,2000000000,0.5,measure
control,075-0011,short,1425000000,1.0,measure
control,075-003d,long,2525000000,0.5,measure
canary,075-002f,short,2175000000,1.0,measure
control,075-0033,short,2275000000,0.25,measure
control,075-003b,long,2475000000,1.0,measure
control,075-003a,long,2450000000,0.5,measure
canary,075-0033,short,2275000000,0.25,measure
control,075-0012,short,1450000000,0.25,measure
control,075-0017,short,1575000000,1.0,measure
control,075-0047, long ,2775000000,1.0,measure
canary,075-0002,short,1050000000,1.0,measure
control,075-0023,short,1875000000,1.0,measure
control,075-0044,long,2700000000,1.0,measure
control,075-0003,short,1075000000,0.25,measure
canary,075-0022,short,1850000000,0.5,measure
control,075-0029,short,2025000000,1.0,measure
control,075-003e,long,2550000000,1.0,measure
control,075-0037,long,2375000000,0.5,measure
control,075-002a,short,2050000000,0.25,measure
canary,075-0039,short,2425000000,0.25,measure
control,075-000f,short,1375000000,0.25,measure
control,075-000b,short,1275000000,1.0,measure
control,075-0044, long ,2700000000,1.0,measure
canary,075-000e,short,1350000000,1.0,measure
control,075-0013,short,1475000000,0.5,measure
canary,075-0016,short,1550000000,0.5,measure
canary,075-0037,short,2375000000,0.5,measure
canary,075-0031,short,2225000000,0.5,measure
control,075-0045,long,2725000000,0.25,measure
control,075-001a,short,1650000000,1.0,measure
canary,075-0044,short,2700000000,1.0,measure
control,075-0006,short,1150000000,0.25,measure
canary,075-000d,short,1325000000,0.5,measure
canary,075-0011,short,1425000000,1.0,measure
canary,075-0041,short,2625000000,1.0,measure
control,075-0022, short ,1850000000,0.5,measure
canary,075-003f,short,2575000000,0.25,measure
control,075-0002,short,1050000000,1.0,measure
canary,075-003c,short,2500000000,0.25,measure
control,075-0040,long,2600000000,0.5,measure
control,075-003c,long,2500000000,0.25,measure
canary,075-0009,short,1225000000,0.25,measure
control,075-0035,short,2325000000,1.0,measure
canary,075-0008,short,1200000000,1.0,measure
canary,075-001c,short,1700000000,0.5,measure
control,075-0005,short,1125000000,1.0,measure
control,075-0015,short,1525000000,0.25,measure
control,075-0033,short,2275000000,0.25,measure
canary,075-0007, short ,1175000000,0.5,measure
canary,075-002b,short,2075000000,0.5,measure
canary,075-0014,short,1500000000,1.0,measure
canary,075-0032,short,2250000000,1.0,measure
canary,075-0034,short,2300000000,0.5,measure
control,075-0036,long,2350000000,0.25,measure
canary,075-001f,short,1775000000,0.5,measure
canary,075-001a,short,1650000000,1.0,measure
control,075-0041,long,2625000000,1.0,measure
control,075-0022,short,1850000000,0.5,measure
control,075-0020,short,1800000000,1.0,measure
control,075-0000,short,1000000000,0.25,warmup
canary,075-0044,short,2700000000,1.0,measure
canary,075-0029, short ,2025000000,1.0,measure
canary,075-0042,short,2650000000,0.25,measure
control,075-001d,short,1725000000,1.0,measure
canary,075-0018,short,1600000000,0.25,measure
control,075-0043,long,2675000000,0.5,warmup
control,075-002d,short,2125000000,0.25,measure
control,075-0024,short,1900000000,0.25,measure
canary,075-0036,short,2350000000,0.25,measure
control,075-001f,short,1775000000,0.5,measure
canary,075-0005,short,1125000000,1.0,measure
control,075-0031,short,2225000000,0.5,measure
control,075-002c,short,2100000000,1.0,measure
canary,075-0045,short,2725000000,0.25,measure
control,075-0018, short ,1600000000,0.25,measure
control,075-0004,short,1100000000,0.5,measure
control,075-0001,short,1025000000,0.5,measure
canary,075-0030,short,2200000000,0.25,measure
canary,075-0001,short,1025000000,0.5,measure
control,075-0009,short,1225000000,0.25,measure
canary,075-002e,short,2150000000,0.5,measure
control,075-000d,short,1325000000,0.5,measure
control,075-0028,short,2000000000,0.5,measure
control,075-0014,short,1500000000,1.0,measure
control,075-001b,short,1675000000,0.25,measure
canary,075-0022,short,1850000000,0.5,measure
control,075-002e,short,2150000000,0.5,measure
control,075-0034, short ,2300000000,0.5,measure
control,075-0042,long,2650000000,0.25,measure
canary,075-000f,short,1375000000,0.25,measure
canary,075-0047,short,2775000000,1.0,measure
control,075-0011,short,1425000000,1.0,measure
canary,075-0023,short,1875000000,1.0,measure
canary,075-0025,short,1925000000,0.5,measure
canary,075-0003,short,1075000000,0.25,measure
canary,075-0010,short,1400000000,0.5,measure
control,075-0046,long,2750000000,0.5,measure
canary,075-0046,short,2750000000,0.5,measure
canary,075-0033,short,2275000000,0.25,measure
canary,075-0043,short,2675000000,0.5,warmup
control,075-0000, short ,1000000000,0.25,warmup
canary,075-001b,short,1675000000,0.25,measure
canary,075-001d,short,1725000000,1.0,measure
canary,075-0013,short,1475000000,0.5,measure
canary,075-0038,short,2400000000,1.0,measure
control,075-0026,short,1950000000,1.0,measure
control,075-0010,short,1400000000,0.5,measure
canary,075-0020,short,1800000000,1.0,measure
canary,075-0011,short,1425000000,1.0,measure
control,075-001e,short,1750000000,0.25,measure
control,075-0007,short,1175000000,0.5,measure
canary,075-0024,short,1900000000,0.25,measure
canary,075-000b,short,1275000000,1.0,measure
canary,075-0006, short ,1150000000,0.25,measure
canary,075-0035,short,2325000000,1.0,measure
control,075-001c,short,1700000000,0.5,measure
canary,075-0019,short,1625000000,0.5,measure
canary,075-003d,short,2525000000,0.5,measure
control,075-0025,short,1925000000,0.5,measure
canary,075-0017,short,1575000000,1.0,measure
control,075-0032,short,2250000000,1.0,measure
control,075-0027,short,1975000000,0.25,measure
control,075-002b,short,2075000000,0.5,measure
control,075-0039,long,2425000000,0.25,measure
