run,request_id,cohort,scheduled_ns,inclusion_probability,phase
canary,s434-00-0,short,200000000,0.5,measure
canary,s434-00-1,short,201000000,0.25,measure
canary,s434-01-0,short,450000000,1,measure
canary,s434-02-0,short,700000000,0.25,measure
canary,s434-03-0,short,950000000,0.5,measure
canary,s434-04-0,short,1200000000,1,measure
canary,s434-05-0,short,1450000000,0.5,measure
canary,s434-05-1,short,1451000000,0.25,measure
canary,s434-06-0,short,1700000000,0.25,measure
canary,s434-07-0,short,1950000000,0.5,measure
canary,s434-08-0,short,2200000000,1,measure
canary,s434-09-0,short,2450000000,0.5,measure
control,s434-10-0,short,2700000000,0.5,measure
control,s434-10-1,short,2701000000,0.25,measure
control,s434-11-0,short,2950000000,0.5,measure
control,s434-12-0,short,3200000000,1,measure
control,s434-13-0,short,3450000000,0.25,measure
control,s434-14-0,short,3700000000,0.25,measure
control,s434-15-0,short,3950000000,0.5,measure
control,s434-15-1,short,3951000000,0.25,measure
control,s434-16-0,short,4200000000,0.25,measure
control,s434-17-0,short,4450000000,1,measure
control,s434-18-0,short,4700000000,0.25,measure
control,s434-19-0,short,4950000000,0.25,measure
canary,s434-20-0,long,5200000000,0.25,measure
canary,s434-20-1,long,5201000000,1,measure
control,s434-21-0,long,5450000000,0.5,measure
canary,s434-22-0,long,5700000000,1,measure
control,s434-23-0,long,5950000000,0.25,measure
canary,s434-24-0,long,6200000000,1,measure
control,s434-25-0,long,6450000000,1,measure
control,s434-25-1,long,6451000000,0.5,measure
canary,s434-26-0,long,6700000000,0.5,measure
control,s434-27-0,long,6950000000,0.25,measure
canary,s434-00-0,short,200000000,0.5,measure
control,s434-14-0,short,3700000000,0.25,measure
