run,request_id,attempt,worker,boot,dispatch_tick
canary,s434-00-0,0,worker-0,boot-a,200000000
canary,s434-00-1,0,worker-0,boot-a,201000000
canary,s434-01-0,0,worker-0,boot-a,450000000
canary,s434-02-0,0,worker-0,boot-a,700000000
canary,s434-03-0,0,worker-0,boot-a,950000000
canary,s434-04-0,0,worker-0,boot-a,1200000000
canary,s434-05-0,0,worker-0,boot-a,1450000000
canary,s434-05-1,0,worker-0,boot-a,1451000000
canary,s434-06-0,0,worker-0,boot-a,1700000000
canary,s434-07-0,0,worker-0,boot-a,1950000000
canary,s434-08-0,0,worker-0,boot-a,2200000000
canary,s434-09-0,0,worker-0,boot-a,2450000000
control,s434-10-0,0,worker-0,boot-a,2700000000
control,s434-10-1,0,worker-0,boot-a,2701000000
control,s434-11-0,0,worker-0,boot-a,2950000000
control,s434-12-0,0,worker-0,boot-a,3200000000
control,s434-13-0,0,worker-0,boot-a,3450000000
control,s434-14-0,0,worker-0,boot-a,3700000000
control,s434-15-0,0,worker-0,boot-a,3950000000
control,s434-15-1,0,worker-0,boot-a,3951000000
control,s434-16-0,0,worker-0,boot-a,4200000000
control,s434-17-0,0,worker-0,boot-a,4450000000
control,s434-18-0,0,worker-0,boot-a,4700000000
control,s434-19-0,0,worker-0,boot-a,4950000000
canary,s434-20-0,0,worker-0,boot-a,5200000000
canary,s434-20-1,0,worker-0,boot-a,5201000000
control,s434-21-0,0,worker-0,boot-a,5450000000
canary,s434-22-0,0,worker-0,boot-a,5700000000
control,s434-23-0,0,worker-0,boot-a,5950000000
canary,s434-24-0,0,worker-0,boot-a,6200000000
control,s434-25-0,0,worker-0,boot-a,6450000000
control,s434-25-1,0,worker-0,boot-a,6451000000
canary,s434-26-0,0,worker-0,boot-a,6700000000
control,s434-27-0,0,worker-0,boot-a,6950000000
canary,s434-00-0,0,worker-0,boot-a,200000000
control,s434-14-0,0,worker-0,boot-a,3700000000
