record_id,event,revision,observed_ns,valid_from_ns,valid_until_ns,approved,parents_json,payload_json
 inactive-38-root , inactive-38 , 0.0 , 10000 , 0 ,  , false , [] ," {""step"": 138, ""operations"": [{""op"": ""open"", ""device"": ""GPU-A"", ""epoch"": 1, ""sequence"": ""inactive-38"", ""tenant"": ""tenant-a"", ""model"": ""gqa"", ""adapter"": ""base"", ""tokenizer"": ""v1"", ""rope"": ""long"", ""run"": ""canary"", ""request_id"": ""inactive-38"", ""attempt"": 0, ""cache"": null}]} "
 noise-root , noise , 9.0 , 10000 , 0 ,  , false , [] ," {""step"": 300, ""operations"": [{""op"": ""open"", ""device"": ""GPU-A"", ""epoch"": 1, ""sequence"": ""noise"", ""tenant"": ""tenant-a"", ""model"": ""gqa"", ""adapter"": ""base"", ""tokenizer"": ""v1"", ""rope"": ""long"", ""run"": ""canary"", ""request_id"": ""noise"", ""attempt"": 0, ""cache"": null}]} "
 inactive-21-root , inactive-21 , 0.0 , 10000 , 0 ,  , false , [] ," {""step"": 121, ""operations"": [{""op"": ""open"", ""device"": ""GPU-A"", ""epoch"": 1, ""sequence"": ""inactive-21"", ""tenant"": ""tenant-a"", ""model"": ""gqa"", ""adapter"": ""base"", ""tokenizer"": ""v1"", ""rope"": ""long"", ""run"": ""canary"", ""request_id"": ""inactive-21"", ""attempt"": 0, ""cache"": null}]} "
 prefix-root , prefix , 0.0 , 10000 , 0 ,  , true , [] ," {""step"": 8, ""operations"": [{""op"": ""open"", ""device"": ""GPU-A"", ""epoch"": 1, ""sequence"": ""warm"", ""tenant"": ""tenant-a"", ""model"": ""gqa"", ""adapter"": ""base"", ""tokenizer"": ""v1"", ""rope"": ""long"", ""run"": ""canary"", ""request_id"": ""warm"", ""attempt"": 0, ""cache"": null}, {""op"": ""prefill"", ""device"": ""GPU-A"", ""epoch"": 1, ""sequence"": ""warm"", ""tokens"": [7, 7], ""slots"": [900]}, {""op"": ""seal"", ""device"": ""GPU-A"", ""epoch"": 1, ""sequence"": ""warm"", ""cache"": ""prefix-a""}, {""op"": ""close"", ""device"": ""GPU-A"", ""epoch"": 1, ""sequence"": ""warm"", ""status"": ""success""}]} "
 repair-0 , request-0 , 1.0 , 700000 , 0.18 , 0.22 , true ," [""request-0-root""] "," {""step"": 0, ""operations"": [{""op"": ""open"", ""device"": ""GPU-A"", ""epoch"": 1, ""sequence"": ""physical-0"", ""tenant"": ""tenant-a"", ""model"": ""gqa"", ""adapter"": ""base"", ""tokenizer"": ""v1"", ""rope"": ""long"", ""run"": ""canary"", ""request_id"": ""s403-00-0"", ""attempt"": 0, ""cache"": null}, {""op"": ""prefill"", ""device"": ""GPU-A"", ""epoch"": 1, ""sequence"": ""physical-0"", ""tokens"": [7, 7], ""slots"": [0]}, {""op"": ""draft"", ""device"": ""GPU-A"", ""epoch"": 1, ""sequence"": ""physical-0"", ""tokens"": [11, 11, 11, 11, 11, 11, 11], ""slots"": [1, 2, 3], ""receipt"": ""target-0""}, {""op"": ""verify"", ""device"": ""GPU-A"", ""epoch"": 1, ""sequence"": ""physical-0"", ""receipt"": ""target-0"", ""accepted"": 4}, {""op"": ""close"", ""device"": ""GPU-A"", ""epoch"": 1, ""sequence"": ""physical-0"", ""status"": ""success""}]} "
 request-6-root , request-6 , 0.0 , 10000 , 0 ,  , true , [] ," {""step"": 6, ""operations"": [{""op"": ""open"", ""device"": ""GPU-A"", ""epoch"": 1, ""sequence"": ""physical-6"", ""tenant"": ""tenant-a"", ""model"": ""gqa"", ""adapter"": ""base"", ""tokenizer"": ""v1"", ""rope"": ""long"", ""run"": ""canary"", ""request_id"": ""s403-05-0"", ""attempt"": 0, ""cache"": null}, {""op"": ""prefill"", ""device"": ""GPU-A"", ""epoch"": 1, ""sequence"": ""physical-6"", ""tokens"": [7, 7], ""slots"": [60]}, {""op"": ""draft"", ""device"": ""GPU-A"", ""epoch"": 1, ""sequence"": ""physical-6"", ""tokens"": [11, 11, 11, 11, 11, 11, 11, 11, 11], ""slots"": [61, 62, 63], ""receipt"": ""target-6""}, {""op"": ""verify"", ""device"": ""GPU-A"", ""epoch"": 1, ""sequence"": ""physical-6"", ""receipt"": ""target-6"", ""accepted"": 7}, {""op"": ""close"", ""device"": ""GPU-A"", ""epoch"": 1, ""sequence"": ""physical-6"", ""status"": ""success""}]} "
 noise-root , noise , 9.0 , 10000 , 0 ,  , false , [] ," {""step"": 300, ""operations"": [{""op"": ""open"", ""device"": ""GPU-A"", ""epoch"": 1, ""sequence"": ""noise"", ""tenant"": ""tenant-a"", ""model"": ""gqa"", ""adapter"": ""base"", ""tokenizer"": ""v1"", ""rope"": ""long"", ""run"": ""canary"", ""request_id"": ""noise"", ""attempt"": 0, ""cache"": null}]} "
 request-4-root , request-4 , 0.0 , 10000 , 0 ,  , true , [] ," {""step"": 4, ""operations"": [{""op"": ""open"", ""device"": ""GPU-A"", ""epoch"": 1, ""sequence"": ""physical-4"", ""tenant"": ""tenant-a"", ""model"": ""gqa"", ""adapter"": ""base"", ""tokenizer"": ""v1"", ""rope"": ""long"", ""run"": ""canary"", ""request_id"": ""s403-03-0"", ""attempt"": 0, ""cache"": null}, {""op"": ""prefill"", ""device"": ""GPU-A"", ""epoch"": 1, ""sequence"": ""physical-4"", ""tokens"": [7, 7], ""slots"": [40]}, {""op"": ""draft"", ""device"": ""GPU-A"", ""epoch"": 1, ""sequence"": ""physical-4"", ""tokens"": [11, 11, 11, 11, 11, 11, 11, 11, 11, 11], ""slots"": [41, 42, 43], ""receipt"": ""target-4""}, {""op"": ""verify"", ""device"": ""GPU-A"", ""epoch"": 1, ""sequence"": ""physical-4"", ""receipt"": ""target-4"", ""accepted"": 8}, {""op"": ""close"", ""device"": ""GPU-A"", ""epoch"": 1, ""sequence"": ""physical-4"", ""status"": ""success""}]} "
 inactive-17-root , inactive-17 , 0.0 , 10000 , 0 ,  , false , [] ," {""step"": 117, ""operations"": [{""op"": ""open"", ""device"": ""GPU-A"", ""epoch"": 1, ""sequence"": ""inactive-17"", ""tenant"": ""tenant-a"", ""model"": ""gqa"", ""adapter"": ""base"", ""tokenizer"": ""v1"", ""rope"": ""long"", ""run"": ""canary"", ""request_id"": ""inactive-17"", ""attempt"": 0, ""cache"": null}]} "
 inactive-17-root , inactive-17 , 0.0 , 10000 , 0 ,  , false , [] ," {""step"": 117, ""operations"": [{""op"": ""open"", ""device"": ""GPU-A"", ""epoch"": 1, ""sequence"": ""inactive-17"", ""tenant"": ""tenant-a"", ""model"": ""gqa"", ""adapter"": ""base"", ""tokenizer"": ""v1"", ""rope"": ""long"", ""run"": ""canary"", ""request_id"": ""inactive-17"", ""attempt"": 0, ""cache"": null}]} "
 request-7-root , request-7 , 0.0 , 10000 , 0 ,  , true , [] ," {""step"": 7, ""operations"": [{""op"": ""open"", ""device"": ""GPU-A"", ""epoch"": 1, ""sequence"": ""physical-7"", ""tenant"": ""tenant-a"", ""model"": ""gqa"", ""adapter"": ""base"", ""tokenizer"": ""v1"", ""rope"": ""long"", ""run"": ""canary"", ""request_id"": ""s403-05-1"", ""attempt"": 0, ""cache"": null}, {""op"": ""prefill"", ""device"": ""GPU-A"", ""epoch"": 1, ""sequence"": ""physical-7"", ""tokens"": [7, 7], ""slots"": [70]}, {""op"": ""draft"", ""device"": ""GPU-A"", ""epoch"": 1, ""sequence"": ""physical-7"", ""tokens"": [11, 11, 11, 11, 11, 11, 11, 11, 11], ""slots"": [71, 72, 73], ""receipt"": ""target-7""}, {""op"": ""verify"", ""device"": ""GPU-A"", ""epoch"": 1, ""sequence"": ""physical-7"", ""receipt"": ""target-7"", ""accepted"": 7}, {""op"": ""close"", ""device"": ""GPU-A"", ""epoch"": 1, ""sequence"": ""physical-7"", ""status"": ""success""}]} "
 request-1-root , request-1 , 0.0 , 10000 , 0 ,  , true , [] ," {""step"": 1, ""operations"": [{""op"": ""open"", ""device"": ""GPU-A"", ""epoch"": 1, ""sequence"": ""physical-1"", ""tenant"": ""tenant-a"", ""model"": ""gqa"", ""adapter"": ""base"", ""tokenizer"": ""v1"", ""rope"": ""long"", ""run"": ""canary"", ""request_id"": ""s403-00-1"", ""attempt"": 0, ""cache"": null}, {""op"": ""prefill"", ""device"": ""GPU-A"", ""epoch"": 1, ""sequence"": ""physical-1"", ""tokens"": [7, 7], ""slots"": [10]}, {""op"": ""draft"", ""device"": ""GPU-A"", ""epoch"": 1, ""sequence"": ""physical-1"", ""tokens"": [11, 11, 11, 11, 11, 11, 11], ""slots"": [11, 12, 13], ""receipt"": ""target-1""}, {""op"": ""verify"", ""device"": ""GPU-A"", ""epoch"": 1, ""sequence"": ""physical-1"", ""receipt"": ""target-1"", ""accepted"": 5}, {""op"": ""close"", ""device"": ""GPU-A"", ""epoch"": 1, ""sequence"": ""physical-1"", ""status"": ""success""}]} "
