run,request_id,attempt,worker,boot,dispatch_tick
control,05b-000f,0,worker-0,boot-b,697600
control,05b-0056,0,worker-0,boot-a,3170100
canary,05b-001f,1,worker-0,boot-b,927600
canary,05b-0050,0,worker-0,boot-a,3020100
control,05b-0026,0,worker-0,boot-a,1970100
canary,05b-0049,0,worker-0,boot-b,1422600
canary,05b-0023,0,worker-0,boot-b,947600
control,05b-0000,0,worker-0,boot-a,1020100
control,05b-003c,0,worker-0,boot-a,2520100
control,05b-002a,0,worker-0,boot-a,2070100
canary,05b-0000,0,worker-0,boot-a,1020100
canary,05b-0055,0,worker-0,boot-b,1572600
control,05b-0002,0,worker-0,boot-a,1070100
control,05b-0036,0,worker-0,boot-a,2370100
canary,05b-0025,0,worker-0,boot-b,972600
canary,05b-002d,0,worker-0,boot-b,1072600
control,05b-0001,0,worker-0,boot-b,522600
control,05b-0027,0,worker-0,boot-b,997600
canary,05b-0054,0,worker-0,boot-a,3120100
canary,05b-005c,0,worker-0,boot-a,3320100
control,05b-0017,0,worker-0,boot-b,797600
control,05b-0003,0,worker-0,boot-b,547600
canary,05b-0040,0,worker-0,boot-a,2620100
canary,05b-004a,1,worker-0,boot-a,2930100
canary,05b-002a,0,worker-0,boot-a,2070100
canary,05b-0043,0,worker-0,boot-b,1347600
canary,05b-0006,0,worker-0,boot-a,1170100
canary,05b-000b,0,worker-0,boot-b,647600
control,05b-000c,0,worker-0,boot-a,1320100
canary,05b-0012,0,worker-0,boot-a,1470100
canary,05b-004c,0,worker-0,boot-a,2920100
canary,05b-001a,0,worker-0,boot-a,1670100
canary,05b-0007,0,worker-0,boot-b,597600
canary,05b-0056,0,worker-0,boot-a,3170100
canary,05b-005f,0,worker-0,boot-b,1697600
control,05b-0049,0,worker-0,boot-b,1422600
control,05b-0046,0,worker-0,boot-a,2770100
canary,05b-000e,0,worker-0,boot-a,1370100
control,05b-0007,0,worker-0,boot-b,597600
canary,05b-0019,0,worker-0,boot-b,822600
control,05b-0009,0,worker-0,boot-b,622600
control,05b-004a,0,worker-0,boot-a,2870100
control,05b-001e,0,worker-0,boot-a,1770100
canary,05b-003c,0,worker-0,boot-a,2520100
canary,05b-0047,0,worker-0,boot-b,1397600
control,05b-0006,0,worker-0,boot-a,1170100
control,05b-0048,0,worker-0,boot-a,2820100
control,05b-000b,0,worker-0,boot-b,647600
canary,05b-0013,0,worker-0,boot-b,747600
canary,05b-003e,1,worker-0,boot-a,2630100
canary,05b-0026,0,worker-0,boot-a,1970100
control,05b-005d,1,worker-0,boot-b,1702600
control,05b-005c,0,worker-0,boot-a,3320100
canary,05b-0057,0,worker-0,boot-b,1597600
canary,05b-0030,0,worker-0,boot-a,2220100
control,05b-003a,0,worker-0,boot-a,2470100
canary,05b-0003,0,worker-0,boot-b,547600
canary,05b-002e,0,worker-0,boot-a,2170100
canary,05b-001b,0,worker-0,boot-b,847600
canary,05b-003f,0,worker-0,boot-b,1297600
canary,05b-0017,0,worker-0,boot-b,797600
canary,05b-0029,0,worker-0,boot-b,1022600
canary,05b-0037,0,worker-0,boot-b,1197600
control,05b-002e,0,worker-0,boot-a,2170100
canary,05b-005d,0,worker-0,boot-b,1672600
control,05b-003f,0,worker-0,boot-b,1297600
canary,05b-0038,0,worker-0,boot-a,2420100
control,05b-001d,0,worker-0,boot-b,872600
control,05b-002c,0,worker-0,boot-a,2120100
control,05b-002f,0,worker-0,boot-b,1097600
canary,05b-0053,0,worker-0,boot-b,1547600
control,05b-0031,0,worker-0,boot-b,1122600
control,05b-001c,0,worker-0,boot-a,1720100
canary,05b-0042,0,worker-0,boot-a,2670100
canary,05b-0052,0,worker-0,boot-a,3070100
canary,05b-0032,0,worker-0,boot-a,2270100
control,05b-004e,0,worker-0,boot-a,2970100
canary,05b-000c,0,worker-0,boot-a,1320100
control,05b-0055,0,worker-0,boot-b,1572600
control,05b-004a,1,worker-0,boot-a,2930100
canary,05b-005b,0,worker-0,boot-b,1647600
control,05b-0020,0,worker-0,boot-a,1820100
control,05b-0057,0,worker-0,boot-b,1597600
control,05b-005d,0,worker-0,boot-b,1672600
canary,05b-004e,0,worker-0,boot-a,2970100
control,05b-0004,0,worker-0,boot-a,1120100
control,05b-0052,0,worker-0,boot-a,3070100
canary,05b-002b,0,worker-0,boot-b,1047600
control,05b-0045,0,worker-0,boot-b,1372600
control,05b-0040,0,worker-0,boot-a,2620100
canary,05b-0041,0,worker-0,boot-b,1322600
canary,05b-0004,0,worker-0,boot-a,1120100
control,05b-0037,0,worker-0,boot-b,1197600
control,05b-004b,0,worker-0,boot-b,1447600
canary,05b-0002,0,worker-0,boot-a,1070100
control,05b-0059,0,worker-0,boot-b,1622600
canary,05b-005d,1,worker-0,boot-b,1702600
canary,05b-004d,0,worker-0,boot-b,1472600
canary,05b-0059,0,worker-0,boot-b,1622600
control,05b-0032,0,worker-0,boot-a,2270100
control,05b-0016,0,worker-0,boot-a,1570100
control,05b-0053,0,worker-0,boot-b,1547600
control,05b-002b,0,worker-0,boot-b,1047600
control,05b-001f,1,worker-0,boot-b,927600
canary,05b-0005,0,worker-0,boot-b,572600
control,05b-0039,0,worker-0,boot-b,1222600
control,05b-0038,0,worker-0,boot-a,2420100
control,05b-000d,0,worker-0,boot-b,672600
canary,05b-005e,0,worker-0,boot-a,3370100
canary,05b-0016,0,worker-0,boot-a,1570100
canary,05b-0044,0,worker-0,boot-a,2720100
control,05b-0023,0,worker-0,boot-b,947600
control,05b-0047,0,worker-0,boot-b,1397600
control,05b-0029,0,worker-0,boot-b,1022600
canary,05b-0024,0,worker-0,boot-a,1920100
control,05b-0018,0,worker-0,boot-a,1620100
control,05b-003e,1,worker-0,boot-a,2630100
canary,05b-001d,0,worker-0,boot-b,872600
canary,05b-005a,0,worker-0,boot-a,3270100
control,05b-0022,0,worker-0,boot-a,1870100
control,05b-0054,0,worker-0,boot-a,3120100
control,05b-002d,0,worker-0,boot-b,1072600
control,05b-000a,0,worker-0,boot-a,1270100
control,05b-005a,0,worker-0,boot-a,3270100
canary,05b-000a,0,worker-0,boot-a,1270100
canary,05b-001c,0,worker-0,boot-a,1720100
control,05b-005e,0,worker-0,boot-a,3370100
control,05b-0015,0,worker-0,boot-b,772600
canary,05b-0028,0,worker-0,boot-a,2020100
control,05b-004c,0,worker-0,boot-a,2920100
control,05b-004d,0,worker-0,boot-b,1472600
canary,05b-0009,0,worker-0,boot-b,622600
control,05b-003b,0,worker-0,boot-b,1247600
control,05b-0058,0,worker-0,boot-a,3220100
canary,05b-0039,0,worker-0,boot-b,1222600
canary,05b-0045,0,worker-0,boot-b,1372600
control,05b-0013,0,worker-0,boot-b,747600
canary,05b-000d,0,worker-0,boot-b,672600
canary,05b-001f,0,worker-0,boot-b,897600
control,05b-0010,0,worker-0,boot-a,1420100
control,05b-001b,0,worker-0,boot-b,847600
control,05b-001f,0,worker-0,boot-b,897600
canary,05b-003a,0,worker-0,boot-a,2470100
control,05b-0008,0,worker-0,boot-a,1220100
canary,05b-0014,0,worker-0,boot-a,1520100
control,05b-0050,0,worker-0,boot-a,3020100
canary,05b-0025,1,worker-0,boot-b,1002600
control,05b-005f,0,worker-0,boot-b,1697600
control,05b-003e,0,worker-0,boot-a,2570100
control,05b-0042,0,worker-0,boot-a,2670100
canary,05b-004b,0,worker-0,boot-b,1447600
control,05b-0011,0,worker-0,boot-b,722600
canary,05b-0001,0,worker-0,boot-b,522600
canary,05b-0015,0,worker-0,boot-b,772600
control,05b-0021,0,worker-0,boot-b,922600
canary,05b-0011,0,worker-0,boot-b,722600
control,05b-001a,0,worker-0,boot-a,1670100
control,05b-0025,1,worker-0,boot-b,1002600
canary,05b-003b,0,worker-0,boot-b,1247600
control,05b-0035,0,worker-0,boot-b,1172600
canary,05b-0033,0,worker-0,boot-b,1147600
canary,05b-004a,0,worker-0,boot-a,2870100
control,05b-0014,0,worker-0,boot-a,1520100
canary,05b-004f,0,worker-0,boot-b,1497600
canary,05b-0058,0,worker-0,boot-a,3220100
control,05b-005b,0,worker-0,boot-b,1647600
canary,05b-0034,0,worker-0,boot-a,2320100
control,05b-000e,0,worker-0,boot-a,1370100
control,05b-0005,0,worker-0,boot-b,572600
canary,05b-003e,0,worker-0,boot-a,2570100
canary,05b-0018,0,worker-0,boot-a,1620100
canary,05b-0031,0,worker-0,boot-b,1122600
control,05b-004f,0,worker-0,boot-b,1497600
canary,05b-000f,0,worker-0,boot-b,697600
canary,05b-0010,0,worker-0,boot-a,1420100
canary,05b-0035,0,worker-0,boot-b,1172600
control,05b-0024,0,worker-0,boot-a,1920100
canary,05b-002f,0,worker-0,boot-b,1097600
control,05b-0012,0,worker-0,boot-a,1470100
control,05b-0028,0,worker-0,boot-a,2020100
canary,05b-0022,0,worker-0,boot-a,1870100
control,05b-0043,0,worker-0,boot-b,1347600
canary,05b-0046,0,worker-0,boot-a,2770100
canary,05b-0021,0,worker-0,boot-b,922600
control,05b-0034,0,worker-0,boot-a,2320100
control,05b-0033,0,worker-0,boot-b,1147600
control,05b-0041,0,worker-0,boot-b,1322600
control,05b-0025,0,worker-0,boot-b,972600
control,05b-0044,0,worker-0,boot-a,2720100
control,05b-0030,0,worker-0,boot-a,2220100
canary,05b-002c,0,worker-0,boot-a,2120100
canary,05b-0051,0,worker-0,boot-b,1522600
canary,05b-0020,0,worker-0,boot-a,1820100
canary,05b-0036,0,worker-0,boot-a,2370100
canary,05b-0027,0,worker-0,boot-b,997600
control,05b-0019,0,worker-0,boot-b,822600
canary,05b-0008,0,worker-0,boot-a,1220100
control,05b-0051,0,worker-0,boot-b,1522600
canary,05b-001e,0,worker-0,boot-a,1770100
canary,05b-0048,0,worker-0,boot-a,2820100
